<?xml version="1.0" encoding="UTF-8"?>
<?xml-stylesheet type="text/xsl" href="Home.xsl"?>
<home>
    <Principe>
    <title>Bienvenue</title>
    <description>
    <li>
        Ce site a pour l'objectif de présenter la réalisation des exercices dans le cadre du cours de "Documents Structurés" de la première année du Master PluriTAL. 
        Sur ce site construit de fichiers XML, à l'aide de feuilles XSLT, nous vous présentons les 9 exercises que notre groupe a réalisé.
        L'essentiel de ce projet est de montrer le maîtrise du langage XML, et de ses grammaires (notamment XLST), ainsi que des autres langages liés tel que XPath. 
    </li>
    <li>
        XML est un langage de "balisage extensible" permettant de définir ses propres balises et de décrire la structure logieque. 
        XSL est langage de description de feuilles de styles associé à XML. 
        XSLT est une partie de langage de XSL qui permet de transformer un document XML dans un autre format, notamment dans HTML pour être affiché comme une page web dans un navigateur.
        Et aussi XPath, un langage non XML sert à localiser une portion d'un document XML.
    </li>
    <li>
        Autre que les langages concernés, on s'intéresse aussi aux outils du traotement des fichiers en XML : 
    </li>
    <li>
        L'éditeur qu'on utilise est Oxygen. C'est un logiciel polyvalent: il peut éditer le fichier XML, XSLT, CSS,DTD...de plus, il permet de générer fichier DTD et XML W3C schema à partir d'un fichier XML. W3C propose des cours en ligne sur XML, XSLT et Xpath, on peut y trouver des colutions quand on rencontre des problèmes. 
    </li>
    </description>
    </Principe>
    <langages>
        <title>Les langages</title>
        <description>
            <XML> - XML (Extensible Markup Language) </XML>
            <XSL> - XSL (Extensible Stylesheet Language) </XSL>
            <XSLT> - XSLT (Extensible Stylesheet Language Transformations) </XSLT>
            <XPath> - XPath  </XPath>
            <FO> - XSL-FO (XSL Formatting Objects) </FO>
        </description>
    </langages>
    <outils>
        <title>Les outils</title>
        <description>
        </description>
    </outils>
</home>
