<?xml version="1.0" encoding="utf-8"?>
<?xml-stylesheet type="text/xsl" href="10.xsl"?>
<text>
    <intro>
        Ce texte soumis à la 83e réunion de travail de l'Ouvroir de Littérature Potentielle, s'inspire de la pré- entation des instructions destinées aux ordinateurs ou bien encore de l'enseignement programmé. C'est une structure analogue à la littérature "en arbre" proposée par F. Le Lionnais à la 79e réunion.
    </intro>
    <endroit id="1">
        <question>
            Désirez-vous connaître l'histoire des trois alertes petits pois ?
        </question>
        <choix next="4">
            Si oui, passez à 4,
        </choix>
        <choix next="2">
            si non, passez à 2.
        </choix>
    </endroit>
    <endroit id="2">
        <question>
            Préférez-vous celle des trois minces grands échalas ?
        </question>
        <choix next="16">
            Si oui, passez à 16,
        </choix>
        <choix next="3">
            si non, passez à 3.
        </choix>
    </endroit>
    <endroit id="3">
        <question>
            Préférez-vous celle des trois moyens médiocres arbustes ?
        </question>
        <choix next="17">
            Si oui, passez à 17,
        </choix>
        <choix next="21">
            si non, passez à 21.
        </choix>
    </endroit>
    <endroit id="4">
        <question>
            Il y avait une fois trois petits pois vêtus de vert qui dormaient gentiment dans leur cosse. Leur visage bien rond respirait par les trous de leurs narines et l'on entendait leur ronflement doux et harmonieux.
        </question>
        <choix next="9">
            Si vous préférez une autre description, passez à 9,
        </choix>
        <choix next="5">
            si celle-çi vous convient, passez à 5.
        </choix>
    </endroit>
    <endroit id="5">
        <question>
            Ils ne rêvaient pas. Ces petits êtres en effet ne rêvent jamais.
        </question>
        <choix next="6">
            Si vous préférez qu'ils rêvent, passez à 6,
        </choix>
        <choix next="7">
            sinon, passez à 7.
        </choix>
    </endroit>
    <endroit id="6">
        <question>
            Ils rêvaient. Ces petits êtres en effet rêvent toujours et leurs nuits sécrètent des songes charmants.
        </question>
        <choix next="11">
            si vous désirez connaître ces songes, passez à 11,
        </choix>
        <choix next="7">
            si vous n'y tenez pas, vous passez à 7.
        </choix>
    </endroit>
    <endroit id="7">
        <question>
            Leurs pieds mignons trempaient dans de chaudes chaussettes et ils portaient au lit des gants de velours noir.
        </question>
        <choix next="8">
            Si vous préférez des gants d'une autre couleur, passez à 8,
        </choix>
        <choix next="10">
            si cette couleur vous convient, passez à 10.
        </choix>
    </endroit>
    <endroit id="8">
        <question>
            Ils portaient au lit des gants de velours bleu.
        </question>
        <choix next="7">
            Si vous préférez des gants d'une autre couleur, passez à 7,
        </choix>
        <choix next="10">
            si cette couleur vous convient, passez à 10.
        </choix>
    </endroit>
    <endroit id="9">
        <question>
            Il y avait une fois trois petits pois qui roulaient leur bosse sur les grands chemins. Le soir venu, fatigués et las, ils s'endormirent très rapidement.
        </question>
        <choix next="5">
            Si vous désirez connaître la suite, passez à 5,
        </choix>
        <choix next="21">
            si non, passez à 21.
        </choix>
    </endroit>
    <endroit id="10">
        <question>
            Tous les trois faisaient le même rêve, ils s'aimaient en effet tendrement et, en bons fiers trumeaux, songeaient toujours semblablement.
        </question>
        <choix next="11">
            Si vous désirez connaître leur rêve, passez à 11,
        </choix>
        <choix next="12">
            si non, passez à 12.
        </choix>
    </endroit>
    <endroit id="11">
        <question>
            Ils rêvaient qu'ils allaient chercher leur soupe à la cantine populaire et qu'en ouvrant leur gamelle ils découvraient que c'était de la soupe d'ers. D'horreur, ils s'éveillent.
        </question>
        <choix>
            Si vous voulez savoir pourquoi ils s'éveillent d'horreur, consulter le Larousse au mot "ers" et n'en parlons plus,
        </choix>
        <choix next="12">
            si vous jugez inutile d'approfondir la question, passez à 12.
        </choix>
    </endroit>
    <endroit id="12">
        <question>
            Opopoï ! s'écrient-ils en ouvrant les yeux. Opopoï ! quel songe avons-nous enfanté là ! Mauvais présage, dit le premier. Oui-da, dit le second, c'est bien vrai, me voilà triste. Ne vous troublez pas ainsi, dit le troisième qui était le plus futé, il ne s'agit pas de s'émouvoir, mais de comprendre, bref, Je m'en vais vous analyser ça.
        </question>
        <choix next="15">
            Si vous désirez connaître tout de suite l'interprétation de ce songe, passez à 15,
        </choix>
        <choix next="13">
            si vous souhaitez au contraire connaître les réactions des deux autres, passez à 13.
        </choix>
    </endroit>
    <endroit id="13">
        <question>
            Tu nous la bailles belle, dit le premier. Depuis quand sais-tu analyser les songes? Oui, depuis quand ? ajouta le second.
        </question>
        <choix next="14">
            Si vous désirez aussi savoir depuis quand, passez à 14,
        </choix>
        <choix next="14">
            si non, passez à 14 tout de même, car vous ne le saurez pas plus.
        </choix>
    </endroit>
    <endroit id="14">
        <question>
            Depuis quand? s'écria le troisième. Est-ce que je sais moi! Le fait est que je pratique la chose. Vous allez voir !
        </question>
        <choix next="15">
            Si vous voulez aussi voir, passez à 15,
        </choix>
        <choix next="15">
            si non, passez également à 15, car vous ne verrez rien.
        </choix>
    </endroit>
    <endroit id="15">
        <question>
            Eh bien! voyons, dirent ses frères. Votre ironie ne ne me plaît pas, répliqua l'autre, et vous ne saurez rien.
            D'ailleurs, au cours de cette conversation d'un ton assez vif, votre sentiment d'horreur ne s'est-il pas estompé ? effacé même? Alors à quoi bon remuer le bourbier de votre inconscient de papilionacées? Allons plutôt nous laver à la fontaine et saluer ce gai matin dans l'hygiène et la sainte euphorie! Aussitôt dit, aussitôt fait : les voilà qui se glissent hors de leur cosse, se laissent doucement rouler sur le sol et puis au petit trot gagnent joyeusement le théâtre de leurs ablutions.
        </question>
        <choix next="16">
            Si vous désirez savoir ce qui se passe sur le théâtre de leurs ablutions, passez à 16,
        </choix>
        <choix next="21">
            si vous ne le désirez pas, vous passez à 21.
        </choix>
    </endroit>
    <endroit id="16">
        <question>
            Trois grands échalas les regardaient faire.
        </question>
        <choix next="21">
            Si les trois grands échalas vous déplaisent, passez à 21,
        </choix>
        <choix next="18">
            s'ils vous conviennent, passez à 18.
        </choix>
    </endroit>
    <endroit id="17">
        <question>
            Trois moyens médiocres arbustes les regardaient faire.
        </question>
        <choix next="21">
            Si les trois moyens médiocres arbustes vous déplaisent, passez à 21,
        </choix>
        <choix next="18">
            s'ils vous conviennent, passez à 18.
        </choix>
    </endroit>
    <endroit id="18">
        <question>
            Se voyant ainsi zyeutés, les trois alertes petits pois qui étaient fort pudiques s'ensauvèrent.
        </question>
        <choix next="19">
            Si vous désirez savoir ce qu'ils firent ensuite, passez à 19,
        </choix>
        <choix next="21">
            si vous ne le désirez pas, vous passez à 21.
        </choix>
    </endroit>
    <endroit id="19">
        <question>
            Ils coururent bien fort pour regagner leur cosse et, refermant celle-ci derrière eux, s'y endormirent de nouveau.
        </question>
        <choix next="20">
            Si vous désirez connaître la suite, passez à 20,
        </choix>
        <choix next="21">
            si vous ne le désirez pas, vous passez à 21.
        </choix>
    </endroit>
    <endroit id="20">
        <question>
            Il n'y a pas de suite le conte est terminé.
        </question>
    </endroit>
    <endroit id="21">
        <question>
            Dans ce cas, le conte est également terminé.
        </question>
    </endroit>
    <author>
        Raymond Queneau. 
    </author>
    <source>
        Source : OuLiPo La littérature potentielle, Gallimard, Idées, Paris, 1973, p. 277.
    </source>
</text>